name,email,phone
Sarah Chen,sarah.chen@fake-email213.net,+14155550101
Michael Torres,m.torres@fake-email213.net,+14085550102
Emma Williams,emma.w@fake-email213.net,+14155550103
James Patel,jpatel@fake-email213.net,+16505550104
Olivia Kim,olivia.kim@fake-email213.net,+14155550105
Noah Johnson,noah.j@fake-email213.net,+16505550106
Sophia Martinez,sophiam@fake-email213.net,+14085550107
Liam Anderson,liam.anderson@fake-email213.net,+14155550108
Ava Thompson,ava.thompson@fake-email213.net,+14085550109
Mason Garcia,mason.g@fake-email213.net,+14155550110
Isabella Lee,isabella.lee@fake-email213.net,+16505550111
Ethan Davis,ethan.d@fake-email213.net,+14155550112
Mia Wilson,mia.wilson@fake-email213.net,+14085550113
Alexander Brown,alex.brown@fake-email213.net,+14155550114
Charlotte Taylor,charlotte.t@fake-email213.net,+16505550115
Daniel Jackson,d.jackson@fake-email213.net,+14155550116
Amelia White,amelia.w@fake-email213.net,+14085550117
Henry Harris,h.harris@fake-email213.net,+16505550118
Harper Martin,harper.m@fake-email213.net,+14155550119
Sebastian Clark,sebastian.c@fake-email213.net,+16505550120
